000C0,00041,00300
000C1,00041,00301
000C2,00041,00302
000C3,00041,00303
000C4,00041,00308
000C5,00041,0030A
000C7,00043,00327
000C8,00045,00300
000C9,00045,00301
000CA,00045,00302
000CB,00045,00308
000CC,00049,00300
000CD,00049,00301
000CE,00049,00302
000CF,00049,00308
000D1,0004E,00303
000D2,0004F,00300
000D3,0004F,00301
000D4,0004F,00302
000D5,0004F,00303
000D6,0004F,00308
000D9,00055,00300
000DA,00055,00301
000DB,00055,00302
000DC,00055,00308
000DD,00059,00301
000E0,00061,00300
000E1,00061,00301
000E2,00061,00302
000E3,00061,00303
000E4,00061,00308
000E5,00061,0030A
000E7,00063,00327
000E8,00065,00300
000E9,00065,00301
000EA,00065,00302
000EB,00065,00308
000EC,00069,00300
000ED,00069,00301
000EE,00069,00302
000EF,00069,00308
000F1,0006E,00303
000F2,0006F,00300
000F3,0006F,00301
000F4,0006F,00302
000F5,0006F,00303
000F6,0006F,00308
000F9,00075,00300
000FA,00075,00301
000FB,00075,00302
000FC,00075,00308
000FD,00079,00301
000FF,00079,00308
00100,00041,00304
00101,00061,00304
00102,00041,00306
00103,00061,00306
00104,00041,00328
00105,00061,00328
00106,00043,00301
00107,00063,00301
00108,00043,00302
00109,00063,00302
0010A,00043,00307
0010B,00063,00307
0010C,00043,0030C
0010D,00063,0030C
0010E,00044,0030C
0010F,00064,0030C
00112,00045,00304
00113,00065,00304
00114,00045,00306
00115,00065,00306
00116,00045,00307
00117,00065,00307
00118,00045,00328
00119,00065,00328
0011A,00045,0030C
0011B,00065,0030C
0011C,00047,00302
0011D,00067,00302
0011E,00047,00306
0011F,00067,00306
00120,00047,00307
00121,00067,00307
00122,00047,00327
00123,00067,00327
00124,00048,00302
00125,00068,00302
00128,00049,00303
00129,00069,00303
0012A,00049,00304
0012B,00069,00304
0012C,00049,00306
0012D,00069,00306
0012E,00049,00328
0012F,00069,00328
00130,00049,00307
00134,0004A,00302
00135,0006A,00302
00136,0004B,00327
00137,0006B,00327
00139,0004C,00301
0013A,0006C,00301
0013B,0004C,00327
0013C,0006C,00327
0013D,0004C,0030C
0013E,0006C,0030C
00143,0004E,00301
00144,0006E,00301
00145,0004E,00327
00146,0006E,00327
00147,0004E,0030C
00148,0006E,0030C
0014C,0004F,00304
0014D,0006F,00304
0014E,0004F,00306
0014F,0006F,00306
00150,0004F,0030B
00151,0006F,0030B
00154,00052,00301
00155,00072,00301
00156,00052,00327
00157,00072,00327
00158,00052,0030C
00159,00072,0030C
0015A,00053,00301
0015B,00073,00301
0015C,00053,00302
0015D,00073,00302
0015E,00053,00327
0015F,00073,00327
00160,00053,0030C
00161,00073,0030C
00162,00054,00327
00163,00074,00327
00164,00054,0030C
00165,00074,0030C
00168,00055,00303
00169,00075,00303
0016A,00055,00304
0016B,00075,00304
0016C,00055,00306
0016D,00075,00306
0016E,00055,0030A
0016F,00075,0030A
00170,00055,0030B
00171,00075,0030B
00172,00055,00328
00173,00075,00328
00174,00057,00302
00175,00077,00302
00176,00059,00302
00177,00079,00302
00178,00059,00308
00179,0005A,00301
0017A,0007A,00301
0017B,0005A,00307
0017C,0007A,00307
0017D,0005A,0030C
0017E,0007A,0030C
001A0,0004F,0031B
001A1,0006F,0031B
001AF,00055,0031B
001B0,00075,0031B
001CD,00041,0030C
001CE,00061,0030C
001CF,00049,0030C
001D0,00069,0030C
001D1,0004F,0030C
001D2,0006F,0030C
001D3,00055,0030C
001D4,00075,0030C
001D5,000DC,00304
001D6,000FC,00304
001D7,000DC,00301
001D8,000FC,00301
001D9,000DC,0030C
001DA,000FC,0030C
001DB,000DC,00300
001DC,000FC,00300
001DE,000C4,00304
001DF,000E4,00304
001E0,00226,00304
001E1,00227,00304
001E2,000C6,00304
001E3,000E6,00304
001E6,00047,0030C
001E7,00067,0030C
001E8,0004B,0030C
001E9,0006B,0030C
001EA,0004F,00328
001EB,0006F,00328
001EC,001EA,00304
001ED,001EB,00304
001EE,001B7,0030C
001EF,00292,0030C
001F0,0006A,0030C
001F4,00047,00301
001F5,00067,00301
001F8,0004E,00300
001F9,0006E,00300
001FA,000C5,00301
001FB,000E5,00301
001FC,000C6,00301
001FD,000E6,00301
001FE,000D8,00301
001FF,000F8,00301
00200,00041,0030F
00201,00061,0030F
00202,00041,00311
00203,00061,00311
00204,00045,0030F
00205,00065,0030F
00206,00045,00311
00207,00065,00311
00208,00049,0030F
00209,00069,0030F
0020A,00049,00311
0020B,00069,00311
0020C,0004F,0030F
0020D,0006F,0030F
0020E,0004F,00311
0020F,0006F,00311
00210,00052,0030F
00211,00072,0030F
00212,00052,00311
00213,00072,00311
00214,00055,0030F
00215,00075,0030F
00216,00055,00311
00217,00075,00311
00218,00053,00326
00219,00073,00326
0021A,00054,00326
0021B,00074,00326
0021E,00048,0030C
0021F,00068,0030C
00226,00041,00307
00227,00061,00307
00228,00045,00327
00229,00065,00327
0022A,000D6,00304
0022B,000F6,00304
0022C,000D5,00304
0022D,000F5,00304
0022E,0004F,00307
0022F,0006F,00307
00230,0022E,00304
00231,0022F,00304
00232,00059,00304
00233,00079,00304
00385,000A8,00301
00386,00391,00301
00388,00395,00301
00389,00397,00301
0038A,00399,00301
0038C,0039F,00301
0038E,003A5,00301
0038F,003A9,00301
00390,003CA,00301
003AA,00399,00308
003AB,003A5,00308
003AC,003B1,00301
003AD,003B5,00301
003AE,003B7,00301
003AF,003B9,00301
003B0,003CB,00301
003CA,003B9,00308
003CB,003C5,00308
003CC,003BF,00301
003CD,003C5,00301
003CE,003C9,00301
003D3,003D2,00301
003D4,003D2,00308
00400,00415,00300
00401,00415,00308
00403,00413,00301
00407,00406,00308
0040C,0041A,00301
0040D,00418,00300
0040E,00423,00306
00419,00418,00306
00439,00438,00306
00450,00435,00300
00451,00435,00308
00453,00433,00301
00457,00456,00308
0045C,0043A,00301
0045D,00438,00300
0045E,00443,00306
00476,00474,0030F
00477,00475,0030F
004C1,00416,00306
004C2,00436,00306
004D0,00410,00306
004D1,00430,00306
004D2,00410,00308
004D3,00430,00308
004D6,00415,00306
004D7,00435,00306
004DA,004D8,00308
004DB,004D9,00308
004DC,00416,00308
004DD,00436,00308
004DE,00417,00308
004DF,00437,00308
004E2,00418,00304
004E3,00438,00304
004E4,00418,00308
004E5,00438,00308
004E6,0041E,00308
004E7,0043E,00308
004EA,004E8,00308
004EB,004E9,00308
004EC,0042D,00308
004ED,0044D,00308
004EE,00423,00304
004EF,00443,00304
004F0,00423,00308
004F1,00443,00308
004F2,00423,0030B
004F3,00443,0030B
004F4,00427,00308
004F5,00447,00308
004F8,0042B,00308
004F9,0044B,00308
00622,00627,00653
00623,00627,00654
00624,00648,00654
00625,00627,00655
00626,0064A,00654
006C0,006D5,00654
006C2,006C1,00654
006D3,006D2,00654
00929,00928,0093C
00931,00930,0093C
00934,00933,0093C
009CB,009C7,009BE
009CC,009C7,009D7
00B48,00B47,00B56
00B4B,00B47,00B3E
00B4C,00B47,00B57
00B94,00B92,00BD7
00BCA,00BC6,00BBE
00BCB,00BC7,00BBE
00BCC,00BC6,00BD7
00C48,00C46,00C56
00CC0,00CBF,00CD5
00CC7,00CC6,00CD5
00CC8,00CC6,00CD6
00CCA,00CC6,00CC2
00CCB,00CCA,00CD5
00D4A,00D46,00D3E
00D4B,00D47,00D3E
00D4C,00D46,00D57
00DDA,00DD9,00DCA
00DDC,00DD9,00DCF
00DDD,00DDC,00DCA
00DDE,00DD9,00DDF
01026,01025,0102E
01B06,01B05,01B35
01B08,01B07,01B35
01B0A,01B09,01B35
01B0C,01B0B,01B35
01B0E,01B0D,01B35
01B12,01B11,01B35
01B3B,01B3A,01B35
01B3D,01B3C,01B35
01B40,01B3E,01B35
01B41,01B3F,01B35
01B43,01B42,01B35
01E00,00041,00325
01E01,00061,00325
01E02,00042,00307
01E03,00062,00307
01E04,00042,00323
01E05,00062,00323
01E06,00042,00331
01E07,00062,00331
01E08,000C7,00301
01E09,000E7,00301
01E0A,00044,00307
01E0B,00064,00307
01E0C,00044,00323
01E0D,00064,00323
01E0E,00044,00331
01E0F,00064,00331
01E10,00044,00327
01E11,00064,00327
01E12,00044,0032D
01E13,00064,0032D
01E14,00112,00300
01E15,00113,00300
01E16,00112,00301
01E17,00113,00301
01E18,00045,0032D
01E19,00065,0032D
01E1A,00045,00330
01E1B,00065,00330
01E1C,00228,00306
01E1D,00229,00306
01E1E,00046,00307
01E1F,00066,00307
01E20,00047,00304
01E21,00067,00304
01E22,00048,00307
01E23,00068,00307
01E24,00048,00323
01E25,00068,00323
01E26,00048,00308
01E27,00068,00308
01E28,00048,00327
01E29,00068,00327
01E2A,00048,0032E
01E2B,00068,0032E
01E2C,00049,00330
01E2D,00069,00330
01E2E,000CF,00301
01E2F,000EF,00301
01E30,0004B,00301
01E31,0006B,00301
01E32,0004B,00323
01E33,0006B,00323
01E34,0004B,00331
01E35,0006B,00331
01E36,0004C,00323
01E37,0006C,00323
01E38,01E36,00304
01E39,01E37,00304
01E3A,0004C,00331
01E3B,0006C,00331
01E3C,0004C,0032D
01E3D,0006C,0032D
01E3E,0004D,00301
01E3F,0006D,00301
01E40,0004D,00307
01E41,0006D,00307
01E42,0004D,00323
01E43,0006D,00323
01E44,0004E,00307
01E45,0006E,00307
01E46,0004E,00323
01E47,0006E,00323
01E48,0004E,00331
01E49,0006E,00331
01E4A,0004E,0032D
01E4B,0006E,0032D
01E4C,000D5,00301
01E4D,000F5,00301
01E4E,000D5,00308
01E4F,000F5,00308
01E50,0014C,00300
01E51,0014D,00300
01E52,0014C,00301
01E53,0014D,00301
01E54,00050,00301
01E55,00070,00301
01E56,00050,00307
01E57,00070,00307
01E58,00052,00307
01E59,00072,00307
01E5A,00052,00323
01E5B,00072,00323
01E5C,01E5A,00304
01E5D,01E5B,00304
01E5E,00052,00331
01E5F,00072,00331
01E60,00053,00307
01E61,00073,00307
01E62,00053,00323
01E63,00073,00323
01E64,0015A,00307
01E65,0015B,00307
01E66,00160,00307
01E67,00161,00307
01E68,01E62,00307
01E69,01E63,00307
01E6A,00054,00307
01E6B,00074,00307
01E6C,00054,00323
01E6D,00074,00323
01E6E,00054,00331
01E6F,00074,00331
01E70,00054,0032D
01E71,00074,0032D
01E72,00055,00324
01E73,00075,00324
01E74,00055,00330
01E75,00075,00330
01E76,00055,0032D
01E77,00075,0032D
01E78,00168,00301
01E79,00169,00301
01E7A,0016A,00308
01E7B,0016B,00308
01E7C,00056,00303
01E7D,00076,00303
01E7E,00056,00323
01E7F,00076,00323
01E80,00057,00300
01E81,00077,00300
01E82,00057,00301
01E83,00077,00301
01E84,00057,00308
01E85,00077,00308
01E86,00057,00307
01E87,00077,00307
01E88,00057,00323
01E89,00077,00323
01E8A,00058,00307
01E8B,00078,00307
01E8C,00058,00308
01E8D,00078,00308
01E8E,00059,00307
01E8F,00079,00307
01E90,0005A,00302
01E91,0007A,00302
01E92,0005A,00323
01E93,0007A,00323
01E94,0005A,00331
01E95,0007A,00331
01E96,00068,00331
01E97,00074,00308
01E98,00077,0030A
01E99,00079,0030A
01E9B,0017F,00307
01EA0,00041,00323
01EA1,00061,00323
01EA2,00041,00309
01EA3,00061,00309
01EA4,000C2,00301
01EA5,000E2,00301
01EA6,000C2,00300
01EA7,000E2,00300
01EA8,000C2,00309
01EA9,000E2,00309
01EAA,000C2,00303
01EAB,000E2,00303
01EAC,01EA0,00302
01EAD,01EA1,00302
01EAE,00102,00301
01EAF,00103,00301
01EB0,00102,00300
01EB1,00103,00300
01EB2,00102,00309
01EB3,00103,00309
01EB4,00102,00303
01EB5,00103,00303
01EB6,01EA0,00306
01EB7,01EA1,00306
01EB8,00045,00323
01EB9,00065,00323
01EBA,00045,00309
01EBB,00065,00309
01EBC,00045,00303
01EBD,00065,00303
01EBE,000CA,00301
01EBF,000EA,00301
01EC0,000CA,00300
01EC1,000EA,00300
01EC2,000CA,00309
01EC3,000EA,00309
01EC4,000CA,00303
01EC5,000EA,00303
01EC6,01EB8,00302
01EC7,01EB9,00302
01EC8,00049,00309
01EC9,00069,00309
01ECA,00049,00323
01ECB,00069,00323
01ECC,0004F,00323
01ECD,0006F,00323
01ECE,0004F,00309
01ECF,0006F,00309
01ED0,000D4,00301
01ED1,000F4,00301
01ED2,000D4,00300
01ED3,000F4,00300
01ED4,000D4,00309
01ED5,000F4,00309
01ED6,000D4,00303
01ED7,000F4,00303
01ED8,01ECC,00302
01ED9,01ECD,00302
01EDA,001A0,00301
01EDB,001A1,00301
01EDC,001A0,00300
01EDD,001A1,00300
01EDE,001A0,00309
01EDF,001A1,00309
01EE0,001A0,00303
01EE1,001A1,00303
01EE2,001A0,00323
01EE3,001A1,00323
01EE4,00055,00323
01EE5,00075,00323
01EE6,00055,00309
01EE7,00075,00309
01EE8,001AF,00301
01EE9,001B0,00301
01EEA,001AF,00300
01EEB,001B0,00300
01EEC,001AF,00309
01EED,001B0,00309
01EEE,001AF,00303
01EEF,001B0,00303
01EF0,001AF,00323
01EF1,001B0,00323
01EF2,00059,00300
01EF3,00079,00300
01EF4,00059,00323
01EF5,00079,00323
01EF6,00059,00309
01EF7,00079,00309
01EF8,00059,00303
01EF9,00079,00303
01F00,003B1,00313
01F01,003B1,00314
01F02,01F00,00300
01F03,01F01,00300
01F04,01F00,00301
01F05,01F01,00301
01F06,01F00,00342
01F07,01F01,00342
01F08,00391,00313
01F09,00391,00314
01F0A,01F08,00300
01F0B,01F09,00300
01F0C,01F08,00301
01F0D,01F09,00301
01F0E,01F08,00342
01F0F,01F09,00342
01F10,003B5,00313
01F11,003B5,00314
01F12,01F10,00300
01F13,01F11,00300
01F14,01F10,00301
01F15,01F11,00301
01F18,00395,00313
01F19,00395,00314
01F1A,01F18,00300
01F1B,01F19,00300
01F1C,01F18,00301
01F1D,01F19,00301
01F20,003B7,00313
01F21,003B7,00314
01F22,01F20,00300
01F23,01F21,00300
01F24,01F20,00301
01F25,01F21,00301
01F26,01F20,00342
01F27,01F21,00342
01F28,00397,00313
01F29,00397,00314
01F2A,01F28,00300
01F2B,01F29,00300
01F2C,01F28,00301
01F2D,01F29,00301
01F2E,01F28,00342
01F2F,01F29,00342
01F30,003B9,00313
01F31,003B9,00314
01F32,01F30,00300
01F33,01F31,00300
01F34,01F30,00301
01F35,01F31,00301
01F36,01F30,00342
01F37,01F31,00342
01F38,00399,00313
01F39,00399,00314
01F3A,01F38,00300
01F3B,01F39,00300
01F3C,01F38,00301
01F3D,01F39,00301
01F3E,01F38,00342
01F3F,01F39,00342
01F40,003BF,00313
01F41,003BF,00314
01F42,01F40,00300
01F43,01F41,00300
01F44,01F40,00301
01F45,01F41,00301
01F48,0039F,00313
01F49,0039F,00314
01F4A,01F48,00300
01F4B,01F49,00300
01F4C,01F48,00301
01F4D,01F49,00301
01F50,003C5,00313
01F51,003C5,00314
01F52,01F50,00300
01F53,01F51,00300
01F54,01F50,00301
01F55,01F51,00301
01F56,01F50,00342
01F57,01F51,00342
01F59,003A5,00314
01F5B,01F59,00300
01F5D,01F59,00301
01F5F,01F59,00342
01F60,003C9,00313
01F61,003C9,00314
01F62,01F60,00300
01F63,01F61,00300
01F64,01F60,00301
01F65,01F61,00301
01F66,01F60,00342
01F67,01F61,00342
01F68,003A9,00313
01F69,003A9,00314
01F6A,01F68,00300
01F6B,01F69,00300
01F6C,01F68,00301
01F6D,01F69,00301
01F6E,01F68,00342
01F6F,01F69,00342
01F70,003B1,00300
01F72,003B5,00300
01F74,003B7,00300
01F76,003B9,00300
01F78,003BF,00300
01F7A,003C5,00300
01F7C,003C9,00300
01F80,01F00,00345
01F81,01F01,00345
01F82,01F02,00345
01F83,01F03,00345
01F84,01F04,00345
01F85,01F05,00345
01F86,01F06,00345
01F87,01F07,00345
01F88,01F08,00345
01F89,01F09,00345
01F8A,01F0A,00345
01F8B,01F0B,00345
01F8C,01F0C,00345
01F8D,01F0D,00345
01F8E,01F0E,00345
01F8F,01F0F,00345
01F90,01F20,00345
01F91,01F21,00345
01F92,01F22,00345
01F93,01F23,00345
01F94,01F24,00345
01F95,01F25,00345
01F96,01F26,00345
01F97,01F27,00345
01F98,01F28,00345
01F99,01F29,00345
01F9A,01F2A,00345
01F9B,01F2B,00345
01F9C,01F2C,00345
01F9D,01F2D,00345
01F9E,01F2E,00345
01F9F,01F2F,00345
01FA0,01F60,00345
01FA1,01F61,00345
01FA2,01F62,00345
01FA3,01F63,00345
01FA4,01F64,00345
01FA5,01F65,00345
01FA6,01F66,00345
01FA7,01F67,00345
01FA8,01F68,00345
01FA9,01F69,00345
01FAA,01F6A,00345
01FAB,01F6B,00345
01FAC,01F6C,00345
01FAD,01F6D,00345
01FAE,01F6E,00345
01FAF,01F6F,00345
01FB0,003B1,00306
01FB1,003B1,00304
01FB2,01F70,00345
01FB3,003B1,00345
01FB4,003AC,00345
01FB6,003B1,00342
01FB7,01FB6,00345
01FB8,00391,00306
01FB9,00391,00304
01FBA,00391,00300
01FBC,00391,00345
01FC1,000A8,00342
01FC2,01F74,00345
01FC3,003B7,00345
01FC4,003AE,00345
01FC6,003B7,00342
01FC7,01FC6,00345
01FC8,00395,00300
01FCA,00397,00300
01FCC,00397,00345
01FCD,01FBF,00300
01FCE,01FBF,00301
01FCF,01FBF,00342
01FD0,003B9,00306
01FD1,003B9,00304
01FD2,003CA,00300
01FD6,003B9,00342
01FD7,003CA,00342
01FD8,00399,00306
01FD9,00399,00304
01FDA,00399,00300
01FDD,01FFE,00300
01FDE,01FFE,00301
01FDF,01FFE,00342
01FE0,003C5,00306
01FE1,003C5,00304
01FE2,003CB,00300
01FE4,003C1,00313
01FE5,003C1,00314
01FE6,003C5,00342
01FE7,003CB,00342
01FE8,003A5,00306
01FE9,003A5,00304
01FEA,003A5,00300
01FEC,003A1,00314
01FED,000A8,00300
01FF2,01F7C,00345
01FF3,003C9,00345
01FF4,003CE,00345
01FF6,003C9,00342
01FF7,01FF6,00345
01FF8,0039F,00300
01FFA,003A9,00300
01FFC,003A9,00345
0219A,02190,00338
0219B,02192,00338
021AE,02194,00338
021CD,021D0,00338
021CE,021D4,00338
021CF,021D2,00338
02204,02203,00338
02209,02208,00338
0220C,0220B,00338
02224,02223,00338
02226,02225,00338
02241,0223C,00338
02244,02243,00338
02247,02245,00338
02249,02248,00338
02260,0003D,00338
02262,02261,00338
0226D,0224D,00338
0226E,0003C,00338
0226F,0003E,00338
02270,02264,00338
02271,02265,00338
02274,02272,00338
02275,02273,00338
02278,02276,00338
02279,02277,00338
02280,0227A,00338
02281,0227B,00338
02284,02282,00338
02285,02283,00338
02288,02286,00338
02289,02287,00338
022AC,022A2,00338
022AD,022A8,00338
022AE,022A9,00338
022AF,022AB,00338
022E0,0227C,00338
022E1,0227D,00338
022E2,02291,00338
022E3,02292,00338
022EA,022B2,00338
022EB,022B3,00338
022EC,022B4,00338
022ED,022B5,00338
0304C,0304B,03099
0304E,0304D,03099
03050,0304F,03099
03052,03051,03099
03054,03053,03099
03056,03055,03099
03058,03057,03099
0305A,03059,03099
0305C,0305B,03099
0305E,0305D,03099
03060,0305F,03099
03062,03061,03099
03065,03064,03099
03067,03066,03099
03069,03068,03099
03070,0306F,03099
03071,0306F,0309A
03073,03072,03099
03074,03072,0309A
03076,03075,03099
03077,03075,0309A
03079,03078,03099
0307A,03078,0309A
0307C,0307B,03099
0307D,0307B,0309A
03094,03046,03099
0309E,0309D,03099
030AC,030AB,03099
030AE,030AD,03099
030B0,030AF,03099
030B2,030B1,03099
030B4,030B3,03099
030B6,030B5,03099
030B8,030B7,03099
030BA,030B9,03099
030BC,030BB,03099
030BE,030BD,03099
030C0,030BF,03099
030C2,030C1,03099
030C5,030C4,03099
030C7,030C6,03099
030C9,030C8,03099
030D0,030CF,03099
030D1,030CF,0309A
030D3,030D2,03099
030D4,030D2,0309A
030D6,030D5,03099
030D7,030D5,0309A
030D9,030D8,03099
030DA,030D8,0309A
030DC,030DB,03099
030DD,030DB,0309A
030F4,030A6,03099
030F7,030EF,03099
030F8,030F0,03099
030F9,030F1,03099
030FA,030F2,03099
030FE,030FD,03099
1109A,11099,110BA
1109C,1109B,110BA
110AB,110A5,110BA
1112E,11131,11127
1112F,11132,11127
1134B,11347,1133E
1134C,11347,11357
114BB,114B9,114BA
114BC,114B9,114B0
114BE,114B9,114BD
115BA,115B8,115AF
115BB,115B9,115AF
